departure_city,landing_city
阿克苏,北京
阿克苏,重庆
阿克苏,杭州
阿克苏,和田
阿克苏,上海
阿克苏,乌鲁木齐
阿勒泰,乌鲁木齐
安庆,北京
安庆,海口
安庆,昆明
安庆,宁波
安庆,厦门
安庆,西安
包头,北京
包头,成都
包头,广州
包头,哈尔滨
包头,杭州
包头,济南
包头,昆明
包头,兰州
包头,洛阳
包头,青岛
包头,三亚
包头,上海
包头,沈阳
包头,深圳
包头,石家庄
包头,太原
包头,天津
包头,武汉
包头,乌鲁木齐
包头,郑州
保山,北京
保山,广州
保山,杭州
保山,昆明
保山,深圳
北海,北京
北海,长沙
北海,成都
北海,重庆
北海,广州
北海,桂林
北海,贵阳
北海,哈尔滨
北海,海口
北海,杭州
北海,昆明
北海,丽江
北海,南昌
北海,上海
北海,沈阳
北海,深圳
北海,天津
北海,武汉
北海,西安
北海,郑州
北海,遵义
北京,阿克苏
北京,安庆
北京,鞍山
北京,保山
北京,包头
北京,北海
北京,长白山
北京,长春
北京,常德
北京,长沙
北京,长治
北京,常州
北京,朝阳
北京,成都
北京,赤峰
北京,重庆
北京,大理
北京,大连
北京,丹东
北京,大庆
北京,达州
北京,东营
北京,敦煌
北京,鄂尔多斯
北京,恩施
北京,二连浩特
北京,阜阳
北京,福州
北京,赣州
北京,广元
北京,广州
北京,桂林
北京,贵阳
北京,哈尔滨
北京,海口
北京,海拉尔
北京,哈密
北京,杭州
北京,合肥
北京,黑河
北京,淮安
北京,呼和浩特
北京,加格达奇
北京,佳木斯
北京,嘉峪关
北京,揭阳
北京,济南
北京,景德镇
北京,井冈山
北京,鸡西
北京,库尔勒
北京,昆明
北京,兰州
北京,拉萨
北京,连城
北京,连云港
北京,丽江
北京,临沂
北京,柳州
北京,洛阳
北京,泸州
北京,吕梁
北京,芒市
北京,满洲里
北京,梅县
北京,绵阳
北京,牡丹江
北京,南昌
北京,南充
北京,南京
北京,南宁
北京,南通
北京,宁波
北京,攀枝花
北京,普洱
北京,青岛
北京,三亚
北京,上海
北京,沈阳
北京,深圳
北京,太原
北京,台州
北京,腾冲
北京,通化
北京,通辽
北京,铜仁
北京,吐鲁番
北京,潍坊
北京,威海
北京,温州
北京,乌海
北京,武汉
北京,乌兰浩特
北京,乌鲁木齐
北京,无锡
北京,厦门
北京,西安
北京,香格里拉
北京,襄阳
北京,西昌
北京,锡林浩特
北京,西宁
北京,西双版纳
北京,延安
北京,盐城
北京,扬州
北京,延吉
北京,烟台
北京,宜宾
北京,宜昌
北京,宜春
北京,伊春
北京,银川
北京,义乌
北京,榆林
北京,运城
北京,张家界
北京,昭通
北京,郑州
北京,中卫
北京,珠海
北京,遵义
百色,重庆
百色,广州
百色,桂林
百色,上海
百色,深圳
百色,天津
长春,北京
长春,长白山
长春,长沙
长春,常州
长春,成都
长春,重庆
长春,鄂尔多斯
长春,广州
长春,桂林
长春,海口
长春,杭州
长春,合肥
长春,淮安
长春,呼和浩特
长春,济南
长春,昆明
长春,兰州
长春,连云港
长春,临沂
长春,南昌
长春,南京
长春,南宁
长春,青岛
长春,三亚
长春,上海
长春,深圳
长春,太原
长春,唐山
长春,天津
长春,威海
长春,温州
长春,武汉
长春,无锡
长春,厦门
长春,西安
长春,延吉
长春,烟台
长春,郑州
长沙,北海
长沙,北京
长沙,毕节
长沙,长春
长沙,成都
长沙,重庆
长沙,大理
长沙,大连
长沙,大庆
长沙,福州
长沙,广州
长沙,贵阳
长沙,哈尔滨
长沙,海口
长沙,杭州
长沙,惠州
长沙,揭阳
长沙,济南
长沙,济宁
长沙,昆明
长沙,兰州
长沙,拉萨
长沙,荔波
长沙,丽江
长沙,临沂
长沙,黎平
长沙,泸州
长沙,南京
长沙,南宁
长沙,南通
长沙,宁波
长沙,青岛
长沙,三亚
长沙,上海
长沙,沈阳
长沙,石家庄
长沙,太原
长沙,台州
长沙,腾冲
长沙,天津
长沙,铜仁
长沙,温州
长沙,乌鲁木齐
长沙,厦门
长沙,西安
长沙,兴义
长沙,西宁
长沙,西双版纳
长沙,徐州
长沙,银川
长沙,榆林
长沙,张家界
长沙,珠海
长沙,遵义
长治,北京
长治,成都
长治,重庆
长治,桂林
长治,海口
长治,昆明
长治,南宁
长治,上海
长治,太原
长治,天津
长治,厦门
常德,北京
常德,广州
常德,海口
常德,昆明
常德,上海
常德,深圳
常州,北京
常州,长春
常州,成都
常州,重庆
常州,大连
常州,广州
常州,哈尔滨
常州,昆明
常州,深圳
常州,厦门
常州,西安
常州,宜昌
常州,银川
成都,鞍山
成都,包头
成都,北海
成都,北京
成都,长春
成都,昌都
成都,长沙
成都,长治
成都,常州
成都,池州
成都,大理
成都,大连
成都,稻城
成都,大庆
成都,东营
成都,福州
成都,格尔木
成都,广州
成都,桂林
成都,贵阳
成都,哈尔滨
成都,海口
成都,邯郸
成都,杭州
成都,合肥
成都,黄山
成都,呼和浩特
成都,惠州
成都,揭阳
成都,济南
成都,金昌
成都,景德镇
成都,井冈山
成都,济宁
成都,康定
成都,喀什
成都,克拉玛依
成都,库尔勒
成都,昆明
成都,兰州
成都,拉萨
成都,连云港
成都,丽江
成都,林芝
成都,柳州
成都,洛阳
成都,南昌
成都,南京
成都,南宁
成都,南通
成都,南阳
成都,宁波
成都,攀枝花
成都,普洱
成都,黔江
成都,青岛
成都,日喀则
成都,三亚
成都,上海
成都,沈阳
成都,深圳
成都,石家庄
成都,太原
成都,台州
成都,腾冲
成都,天津
成都,铜仁
成都,温州
成都,乌海
成都,武汉
成都,乌鲁木齐
成都,无锡
成都,夏河
成都,厦门
成都,西安
成都,
成都,西昌
成都,兴义
成都,西宁
成都,西双版纳
成都,盐城
成都,扬州
成都,烟台
成都,宜昌
成都,银川
成都,伊宁
成都,义乌
成都,运城
成都,玉树
成都,张家界
成都,张家口
成都,张掖
成都,湛江
成都,昭通
成都,郑州
成都,珠海
成都,遵义
赤峰,北京
赤峰,哈尔滨
赤峰,海拉尔
赤峰,杭州
赤峰,呼和浩特
赤峰,上海
赤峰,天津
重庆,阿克苏
重庆,百色
重庆,北海
重庆,北京
重庆,长春
重庆,昌都
重庆,长沙
重庆,长治
重庆,常州
重庆,大理
重庆,大连
重庆,敦煌
重庆,鄂尔多斯
重庆,福州
重庆,广州
重庆,桂林
重庆,贵阳
重庆,哈尔滨
重庆,海口
重庆,杭州
重庆,合肥
重庆,衡阳
重庆,淮安
重庆,黄山
重庆,呼和浩特
重庆,惠州
重庆,嘉峪关
重庆,揭阳
重庆,济南
重庆,库尔勒
重庆,昆明
重庆,兰州
重庆,拉萨
重庆,丽江
重庆,临沂
重庆,林芝
重庆,柳州
重庆,洛阳
重庆,吕梁
重庆,南昌
重庆,南京
重庆,南宁
重庆,南通
重庆,宁波
重庆,攀枝花
重庆,黔江
重庆,青岛
重庆,三亚
重庆,上海
重庆,沈阳
重庆,深圳
重庆,石家庄
重庆,太原
重庆,台州
重庆,腾冲
重庆,天津
重庆,温州
重庆,武汉
重庆,乌兰浩特
重庆,乌鲁木齐
重庆,无锡
重庆,梧州
重庆,厦门
重庆,西安
重庆,襄阳
重庆,西昌
重庆,兴义
重庆,西宁
重庆,西双版纳
重庆,徐州
重庆,延安
重庆,烟台
重庆,银川
重庆,义乌
重庆,运城
重庆,郑州
重庆,珠海
昌都,成都
昌都,重庆
昌都,拉萨
昌都,天津
朝阳,北京
朝阳,大连
朝阳,上海
朝阳,天津
达州,北京
达州,广州
达州,昆明
达州,上海
达州,深圳
大理,北京
大理,长沙
大理,成都
大理,重庆
大理,广州
大理,贵阳
大理,昆明
大理,绵阳
大理,南宁
大理,上海
大理,西安
大理,西双版纳
大连,北京
大连,长沙
大连,常州
大连,朝阳
大连,成都
大连,重庆
大连,大庆
大连,福州
大连,广州
大连,贵阳
大连,海口
大连,杭州
大连,合肥
大连,淮安
大连,呼和浩特
大连,佳木斯
大连,揭阳
大连,济南
大连,济宁
大连,昆明
大连,兰州
大连,连云港
大连,临沂
大连,洛阳
大连,梅县
大连,牡丹江
大连,南京
大连,南通
大连,宁波
大连,青岛
大连,齐齐哈尔
大连,三亚
大连,上海
大连,深圳
大连,石家庄
大连,太原
大连,天津
大连,通化
大连,潍坊
大连,温州
大连,武汉
大连,无锡
大连,厦门
大连,西安
大连,锡林浩特
大连,扬州
大连,延吉
大连,烟台
大连,伊春
大连,银川
大连,郑州
大连,珠海
大连,遵义
丹东,北京
丹东,青岛
丹东,上海
丹东,深圳
东营,北京
东营,成都
东营,佛山
东营,上海
东营,郑州
敦煌,重庆
敦煌,嘉峪关
敦煌,兰州
敦煌,乌鲁木齐
敦煌,西安
敦煌,张掖
大同,广州
大同,哈尔滨
大同,海口
大同,昆明
大同,沈阳
大同,太原
大同,武汉
大同,厦门
大同,西安
大庆,北京
大庆,长沙
大庆,成都
大庆,海拉尔
大庆,杭州
大庆,呼和浩特
大庆,青岛
大庆,三亚
大庆,上海
大庆,天津
大庆,武汉
大庆,西安
大庆,烟台
鄂尔多斯,北京
鄂尔多斯,长春
鄂尔多斯,重庆
鄂尔多斯,福州
鄂尔多斯,哈尔滨
鄂尔多斯,呼和浩特
鄂尔多斯,昆明
鄂尔多斯,上海
鄂尔多斯,天津
鄂尔多斯,乌兰浩特
鄂尔多斯,乌鲁木齐
鄂尔多斯,西安
鄂尔多斯,郑州
恩施,北京
恩施,广州
恩施,杭州
恩施,上海
恩施,深圳
恩施,太原
恩施,武汉
恩施,西安
福州,北京
福州,长沙
福州,成都
福州,重庆
福州,大连
福州,鄂尔多斯
福州,赣州
福州,广州
福州,桂林
福州,贵阳
福州,哈尔滨
福州,海口
福州,衡阳
福州,济南
福州,景德镇
福州,凯里
福州,昆明
福州,兰州
福州,拉萨
福州,南京
福州,南宁
福州,南通
福州,青岛
福州,三亚
福州,上海
福州,深圳
福州,石家庄
福州,太原
福州,天津
福州,铜仁
福州,武汉
福州,乌鲁木齐
福州,西安
福州,兴义
福州,徐州
福州,宜昌
福州,运城
福州,郑州
福州,舟山
福州,珠海
阜阳,北京
阜阳,广州
阜阳,海口
阜阳,温州
阜阳,厦门
阜阳,西安
赣州,北京
赣州,重庆
赣州,广州
赣州,海口
赣州,杭州
赣州,昆明
赣州,南昌
赣州,青岛
赣州,上海
赣州,深圳
格尔木,成都
格尔木,西安
格尔木,西宁
广州,鞍山
广州,百色
广州,包头
广州,北海
广州,北京
广州,毕节
广州,长白山
广州,长春
广州,长沙
广州,常州
广州,成都
广州,池州
广州,重庆
广州,大理
广州,大连
广州,大庆
广州,大同
广州,达州
广州,恩施
广州,阜阳
广州,福州
广州,赣州
广州,广元
广州,桂林
广州,贵阳
广州,哈尔滨
广州,海口
广州,邯郸
广州,杭州
广州,合肥
广州,淮安
广州,黄山
广州,呼和浩特
广州,佳木斯
广州,揭阳
广州,济南
广州,景德镇
广州,井冈山
广州,锦州
广州,昆明
广州,兰州
广州,拉萨
广州,连云港
广州,丽江
广州,临沂
广州,林芝
广州,洛阳
广州,泸州
广州,吕梁
广州,芒市
广州,梅县
广州,绵阳
广州,牡丹江
广州,南昌
广州,南充
广州,南京
广州,南宁
广州,南通
广州,南阳
广州,宁波
广州,青岛
广州,齐齐哈尔
广州,三亚
广州,上海
广州,沈阳
广州,石家庄
广州,太原
广州,台州
广州,唐山
广州,腾冲
广州,天津
广州,通化
广州,铜仁
广州,万州
广州,潍坊
广州,威海
广州,温州
广州,乌海
广州,武汉
广州,乌鲁木齐
广州,无锡
广州,厦门
广州,西安
广州,襄阳
广州,兴义
广州,西宁
广州,徐州
广州,延安
广州,盐城
广州,延吉
广州,烟台
广州,宜宾
广州,宜昌
广州,宜春
广州,银川
广州,义乌
广州,榆林
广州,运城
广州,张家界
广州,湛江
广州,郑州
广州,舟山
贵阳,北京
贵阳,毕节
贵阳,长春
贵阳,长沙
贵阳,成都
贵阳,重庆
贵阳,大理
贵阳,大连
贵阳,福州
贵阳,广州
贵阳,哈尔滨
贵阳,海口
贵阳,杭州
贵阳,呼和浩特
贵阳,揭阳
贵阳,济南
贵阳,凯里
贵阳,昆明
贵阳,兰州
贵阳,荔波
贵阳,丽江
贵阳,南昌
贵阳,南充
贵阳,南京
贵阳,南宁
贵阳,南通
贵阳,宁波
贵阳,青岛
贵阳,三亚
贵阳,上海
贵阳,沈阳
贵阳,深圳
贵阳,太原
贵阳,天津
贵阳,铜仁
贵阳,万州
贵阳,温州
贵阳,武汉
贵阳,乌鲁木齐
贵阳,无锡
贵阳,厦门
贵阳,西安
贵阳,兴义
贵阳,西双版纳
贵阳,徐州
贵阳,盐城
贵阳,烟台
贵阳,宜昌
贵阳,榆林
贵阳,湛江
贵阳,昭通
贵阳,郑州
贵阳,珠海
桂林,百色
桂林,北海
桂林,北京
桂林,长春
桂林,长治
桂林,成都
桂林,重庆
桂林,福州
桂林,广州
桂林,海口
桂林,杭州
桂林,济南
桂林,昆明
桂林,兰州
桂林,临沂
桂林,南昌
桂林,南京
桂林,南宁
桂林,青岛
桂林,三亚
桂林,上海
桂林,石家庄
桂林,太原
桂林,天津
桂林,梧州
桂林,厦门
桂林,西安
桂林,西宁
桂林,西双版纳
桂林,徐州
桂林,烟台
桂林,张家界
桂林,张家口
桂林,郑州
哈尔滨,包头
哈尔滨,北海
哈尔滨,北京
哈尔滨,长白山
哈尔滨,长沙
哈尔滨,常州
哈尔滨,成都
哈尔滨,赤峰
哈尔滨,重庆
哈尔滨,大同
哈尔滨,鄂尔多斯
哈尔滨,福州
哈尔滨,广州
哈尔滨,贵阳
哈尔滨,海口
哈尔滨,海拉尔
哈尔滨,邯郸
哈尔滨,杭州
哈尔滨,合肥
哈尔滨,黑河
哈尔滨,呼和浩特
哈尔滨,加格达奇
哈尔滨,佳木斯
哈尔滨,济南
哈尔滨,济宁
哈尔滨,鸡西
哈尔滨,昆明
哈尔滨,临沂
哈尔滨,漠河
哈尔滨,南昌
哈尔滨,南京
哈尔滨,南宁
哈尔滨,南通
哈尔滨,宁波
哈尔滨,青岛
哈尔滨,三亚
哈尔滨,上海
哈尔滨,深圳
哈尔滨,石家庄
哈尔滨,太原
哈尔滨,台州
哈尔滨,唐山
哈尔滨,天津
哈尔滨,通辽
哈尔滨,威海
哈尔滨,温州
哈尔滨,武汉
哈尔滨,乌鲁木齐
哈尔滨,无锡
哈尔滨,厦门
哈尔滨,西安
哈尔滨,西宁
哈尔滨,徐州
哈尔滨,扬州
哈尔滨,烟台
哈尔滨,伊春
哈尔滨,银川
哈尔滨,运城
哈尔滨,张家口
哈尔滨,郑州
海口,安庆
海口,安顺
海口,北海
海口,北京
海口,毕节
海口,长春
海口,常德
海口,长沙
海口,长治
海口,成都
海口,重庆
海口,大连
海口,大同
海口,阜阳
海口,福州
海口,赣州
海口,广州
海口,桂林
海口,贵阳
海口,哈尔滨
海口,海拉尔
海口,杭州
海口,合肥
海口,淮安
海口,呼和浩特
海口,惠州
海口,揭阳
海口,济南
海口,井冈山
海口,锦州
海口,昆明
海口,兰州
海口,连云港
海口,临沂
海口,柳州
海口,泸州
海口,梅县
海口,绵阳
海口,南昌
海口,南京
海口,南宁
海口,宁波
海口,青岛
海口,上海
海口,沈阳
海口,深圳
海口,石家庄
海口,太原
海口,天津
海口,温州
海口,武汉
海口,乌鲁木齐
海口,厦门
海口,西安
海口,兴义
海口,西宁
海口,徐州
海口,宜昌
海口,永州
海口,张家口
海口,湛江
海口,郑州
海口,芷江
海口,珠海
海口,遵义
哈密,北京
哈密,喀什
哈密,上海
哈密,吐鲁番
哈密,乌鲁木齐
哈密,郑州
海拉尔,北京
海拉尔,赤峰
海拉尔,大庆
海拉尔,哈尔滨
海拉尔,海口
海拉尔,呼和浩特
海拉尔,加格达奇
海拉尔,青岛
海拉尔,上海
海拉尔,天津
海拉尔,通辽
邯郸,成都
邯郸,广州
邯郸,哈尔滨
邯郸,杭州
邯郸,沈阳
邯郸,深圳
邯郸,厦门
汉中,上海
汉中,深圳
杭州,阿克苏
杭州,安顺
杭州,保山
杭州,包头
杭州,北海
杭州,北京
杭州,毕节
杭州,长春
杭州,长沙
杭州,成都
杭州,赤峰
杭州,池州
杭州,重庆
杭州,大连
杭州,大庆
杭州,恩施
杭州,赣州
杭州,广元
杭州,广州
杭州,桂林
杭州,贵阳
杭州,哈尔滨
杭州,海口
杭州,邯郸
杭州,淮安
杭州,呼和浩特
杭州,惠州
杭州,揭阳
杭州,景德镇
杭州,锦州
杭州,凯里
杭州,昆明
杭州,兰州
杭州,拉萨
杭州,连云港
杭州,丽江
杭州,临沂
杭州,洛阳
杭州,梅县
杭州,绵阳
杭州,南充
杭州,南宁
杭州,南阳
杭州,黔江
杭州,青岛
杭州,三亚
杭州,沈阳
杭州,深圳
杭州,石家庄
杭州,太原
杭州,天津
杭州,通辽
杭州,铜仁
杭州,威海
杭州,武汉
杭州,乌鲁木齐
杭州,厦门
杭州,西安
杭州,襄阳
杭州,西昌
杭州,兴义
杭州,西双版纳
杭州,盐城
杭州,延吉
杭州,烟台
杭州,宜宾
杭州,宜昌
杭州,银川
杭州,运城
杭州,张家界
杭州,郑州
杭州,珠海
杭州,遵义
合肥,北京
合肥,长春
合肥,成都
合肥,重庆
合肥,大连
合肥,广州
合肥,哈尔滨
合肥,海口
合肥,黄山
合肥,昆明
合肥,南昌
合肥,南宁
合肥,青岛
合肥,上海
合肥,沈阳
合肥,深圳
合肥,太原
合肥,潍坊
合肥,厦门
合肥,西安
合肥,襄阳
合肥,郑州
合肥,舟山
合肥,珠海
和田,阿克苏
和田,喀什
和田,乌鲁木齐
黑河,北京
黑河,哈尔滨
黑河,漠河
黑河,上海
呼和浩特,阿尔山
呼和浩特,阿拉善左旗
呼和浩特,巴彦淖尔
呼和浩特,北京
呼和浩特,长春
呼和浩特,成都
呼和浩特,赤峰
呼和浩特,重庆
呼和浩特,大连
呼和浩特,大庆
呼和浩特,鄂尔多斯
呼和浩特,二连浩特
呼和浩特,广州
呼和浩特,贵阳
呼和浩特,哈尔滨
呼和浩特,海口
呼和浩特,海拉尔
呼和浩特,杭州
呼和浩特,加格达奇
呼和浩特,济南
呼和浩特,昆明
呼和浩特,兰州
呼和浩特,满洲里
呼和浩特,南京
呼和浩特,青岛
呼和浩特,三亚
呼和浩特,上海
呼和浩特,沈阳
呼和浩特,深圳
呼和浩特,石家庄
呼和浩特,太原
呼和浩特,天津
呼和浩特,通辽
呼和浩特,乌海
呼和浩特,武汉
呼和浩特,乌兰浩特
呼和浩特,乌鲁木齐
呼和浩特,厦门
呼和浩特,西安
呼和浩特,锡林浩特
呼和浩特,银川
呼和浩特,郑州
黄山,成都
黄山,重庆
黄山,广州
黄山,合肥
黄山,上海
黄山,深圳
黄山,武汉
黄山,襄阳
黄山,郑州
济南,包头
济南,北京
济南,长春
济南,长沙
济南,成都
济南,重庆
济南,大连
济南,福州
济南,广州
济南,桂林
济南,贵阳
济南,哈尔滨
济南,海口
济南,呼和浩特
济南,喀什
济南,昆明
济南,兰州
济南,丽江
济南,南昌
济南,南宁
济南,齐齐哈尔
济南,三亚
济南,上海
济南,沈阳
济南,深圳
济南,太原
济南,威海
济南,武汉
济南,乌鲁木齐
济南,厦门
济南,西安
济南,西昌
济南,西宁
济南,烟台
济南,银川
济南,榆林
济南,珠海
济宁,长沙
济宁,成都
济宁,大连
济宁,哈尔滨
济宁,南宁
济宁,上海
济宁,沈阳
佳木斯,北京
佳木斯,大连
佳木斯,广州
佳木斯,哈尔滨
佳木斯,上海
佳木斯,深圳
嘉峪关,北京
嘉峪关,重庆
嘉峪关,敦煌
嘉峪关,广州
嘉峪关,兰州
嘉峪关,西安
锦州,广州
锦州,海口
锦州,杭州
锦州,上海
锦州,天津
井冈山,北京
井冈山,成都
井冈山,广州
井冈山,海口
井冈山,上海
井冈山,深圳
井冈山,厦门
井冈山,西安
景德镇,北京
景德镇,成都
景德镇,福州
景德镇,广州
景德镇,杭州
景德镇,昆明
景德镇,上海
景德镇,深圳
景德镇,厦门
景德镇,西安
鸡西,北京
鸡西,哈尔滨
鸡西,青岛
鸡西,三亚
鸡西,上海
鸡西,沈阳
喀什,阿里
喀什,哈密
喀什,和田
喀什,济南
喀什,上海
喀什,深圳
喀什,乌鲁木齐
喀什,西安
喀什,郑州
库尔勒,北京
库尔勒,成都
库尔勒,重庆
库尔勒,克拉玛依
库尔勒,上海
库尔勒,乌鲁木齐
库尔勒,西安
昆明,安庆
昆明,保山
昆明,包头
昆明,北海
昆明,北京
昆明,毕节
昆明,长春
昆明,常德
昆明,长沙
昆明,常州
昆明,成都
昆明,重庆
昆明,大理
昆明,大连
昆明,大同
昆明,达州
昆明,鄂尔多斯
昆明,福州
昆明,赣州
昆明,广州
昆明,桂林
昆明,贵阳
昆明,哈尔滨
昆明,海口
昆明,杭州
昆明,合肥
昆明,衡阳
昆明,淮安
昆明,呼和浩特
昆明,惠州
昆明,揭阳
昆明,济南
昆明,景德镇
昆明,凯里
昆明,兰州
昆明,拉萨
昆明,丽江
昆明,临沧
昆明,临沂
昆明,林芝
昆明,黎平
昆明,柳州
昆明,洛阳
昆明,泸州
昆明,芒市
昆明,绵阳
昆明,南昌
昆明,南充
昆明,南京
昆明,南宁
昆明,南通
昆明,宁波
昆明,普洱
昆明,黔江
昆明,青岛
昆明,三亚
昆明,上海
昆明,沈阳
昆明,深圳
昆明,石家庄
昆明,太原
昆明,台州
昆明,腾冲
昆明,天津
昆明,武汉
昆明,乌鲁木齐
昆明,无锡
昆明,厦门
昆明,西安
昆明,香格里拉
昆明,兴义
昆明,西双版纳
昆明,徐州
昆明,烟台
昆明,宜昌
昆明,宜春
昆明,银川
昆明,永州
昆明,运城
昆明,张家界
昆明,昭通
昆明,郑州
昆明,芷江
昆明,珠海
昆明,遵义
克拉玛依,成都
克拉玛依,库尔勒
克拉玛依,乌鲁木齐
拉萨,阿里
拉萨,北京
拉萨,昌都
拉萨,长沙
拉萨,成都
拉萨,重庆
拉萨,广州
拉萨,杭州
拉萨,昆明
拉萨,兰州
拉萨,林芝
拉萨,绵阳
拉萨,南充
拉萨,南京
拉萨,青岛
拉萨,上海
拉萨,深圳
拉萨,石家庄
拉萨,厦门
拉萨,西安
拉萨,香格里拉
拉萨,西宁
拉萨,宜宾
拉萨,玉树
拉萨,郑州
兰州,包头
兰州,北京
兰州,毕节
兰州,长春
兰州,长沙
兰州,成都
兰州,重庆
兰州,大理
兰州,大连
兰州,敦煌
兰州,福州
兰州,广州
兰州,桂林
兰州,贵阳
兰州,哈尔滨
兰州,海口
兰州,杭州
兰州,呼和浩特
兰州,嘉峪关
兰州,济南
兰州,金昌
兰州,昆明
兰州,拉萨
兰州,连云港
兰州,丽江
兰州,泸州
兰州,绵阳
兰州,南昌
兰州,南京
兰州,南宁
兰州,南通
兰州,南阳
兰州,青岛
兰州,庆阳
兰州,三亚
兰州,上海
兰州,沈阳
兰州,深圳
兰州,石家庄
兰州,天津
兰州,温州
兰州,武汉
兰州,乌鲁木齐
兰州,无锡
兰州,厦门
兰州,西安
兰州,宜昌
兰州,张家界
兰州,张掖
兰州,郑州
丽江,安顺
丽江,北海
丽江,北京
丽江,毕节
丽江,长沙
丽江,成都
丽江,重庆
丽江,广州
丽江,贵阳
丽江,杭州
丽江,揭阳
丽江,昆明
丽江,兰州
丽江,泸州
丽江,绵阳
丽江,南京
丽江,南宁
丽江,宁波
丽江,普洱
丽江,上海
丽江,沈阳
丽江,深圳
丽江,石家庄
丽江,温州
丽江,武汉
丽江,西安
丽江,兴义
丽江,西双版纳
丽江,徐州
丽江,郑州
丽江,遵义
连云港,北京
连云港,长春
连云港,成都
连云港,大连
连云港,广州
连云港,海口
连云港,杭州
连云港,兰州
连云港,上海
连云港,沈阳
连云港,深圳
连云港,石家庄
连云港,乌鲁木齐
连云港,徐州
连云港,舟山
临沧,昆明
临沧,上海
临沂,北京
临沂,长春
临沂,长沙
临沂,重庆
临沂,大连
临沂,广州
临沂,桂林
临沂,哈尔滨
临沂,海口
临沂,杭州
临沂,昆明
临沂,南宁
临沂,宁波
临沂,上海
临沂,沈阳
临沂,深圳
临沂,温州
临沂,厦门
临沂,烟台
柳州,北京
柳州,成都
柳州,重庆
柳州,海口
柳州,昆明
柳州,深圳
柳州,武汉
柳州,厦门
柳州,珠海
泸州,北京
泸州,长沙
泸州,广州
泸州,海口
泸州,昆明
泸州,兰州
泸州,丽江
泸州,南京
泸州,南宁
泸州,厦门
泸州,西安
泸州,郑州
洛阳,北京
洛阳,成都
洛阳,重庆
洛阳,大连
洛阳,广州
洛阳,杭州
洛阳,昆明
洛阳,上海
洛阳,沈阳
洛阳,深圳
满洲里,北京
满洲里,呼和浩特
满洲里,天津
满洲里,通辽
芒市,北京
芒市,广州
芒市,昆明
芒市,上海
芒市,深圳
绵阳,北京
绵阳,长沙
绵阳,大理
绵阳,福州
绵阳,广州
绵阳,海口
绵阳,杭州
绵阳,昆明
绵阳,兰州
绵阳,拉萨
绵阳,丽江
绵阳,南京
绵阳,三亚
绵阳,上海
绵阳,沈阳
绵阳,深圳
绵阳,石家庄
绵阳,武汉
绵阳,乌鲁木齐
绵阳,厦门
绵阳,西宁
绵阳,郑州
牡丹江,北京
牡丹江,大连
牡丹江,广州
牡丹江,青岛
牡丹江,上海
牡丹江,深圳
牡丹江,烟台
梅县,北京
梅县,大连
梅县,广州
梅县,海口
梅县,杭州
梅县,南宁
梅县,上海
梅县,天津
梅县,郑州
梅县,珠海
漠河,哈尔滨
漠河,黑河
漠河,加格达奇
南昌,北海
南昌,北京
南昌,长春
南昌,成都
南昌,重庆
南昌,赣州
南昌,广州
南昌,桂林
南昌,贵阳
南昌,哈尔滨
南昌,海口
南昌,合肥
南昌,济南
南昌,昆明
南昌,兰州
南昌,南京
南昌,宁波
南昌,青岛
南昌,三亚
南昌,上海
南昌,沈阳
南昌,深圳
南昌,天津
南昌,厦门
南昌,西安
南昌,烟台
南昌,银川
南昌,湛江
南昌,郑州
南昌,珠海
南昌,遵义
南充,北京
南充,贵阳
南充,杭州
南充,昆明
南充,拉萨
南充,南宁
南充,三亚
南充,上海
南充,深圳
南充,天津
南充,西安
南京,北京
南京,毕节
南京,长春
南京,长沙
南京,成都
南京,重庆
南京,大连
南京,福州
南京,广州
南京,桂林
南京,贵阳
南京,哈尔滨
南京,海口
南京,呼和浩特
南京,揭阳
南京,昆明
南京,兰州
南京,拉萨
南京,丽江
南京,泸州
南京,绵阳
南京,南昌
南京,南宁
南京,青岛
南京,三亚
南京,上海
南京,沈阳
南京,深圳
南京,石家庄
南京,太原
南京,铜仁
南京,万州
南京,威海
南京,乌鲁木齐
南京,西安
南京,西宁
南京,西双版纳
南京,盐城
南京,烟台
南京,银川
南京,伊宁
南京,珠海
南京,遵义
南宁,北京
南宁,毕节
南宁,长春
南宁,长沙
南宁,长治
南宁,成都
南宁,重庆
南宁,大理
南宁,福州
南宁,广州
南宁,桂林
南宁,贵阳
南宁,哈尔滨
南宁,海口
南宁,杭州
南宁,合肥
南宁,惠州
南宁,揭阳
南宁,济南
南宁,济宁
南宁,凯里
南宁,昆明
南宁,兰州
南宁,荔波
南宁,丽江
南宁,临沂
南宁,泸州
南宁,梅县
南宁,南充
南宁,南京
南宁,南通
南宁,青岛
南宁,三亚
南宁,上海
南宁,沈阳
南宁,深圳
南宁,石家庄
南宁,太原
南宁,天津
南宁,温州
南宁,武汉
南宁,乌鲁木齐
南宁,厦门
南宁,西安
南宁,烟台
南宁,榆林
南宁,湛江
南宁,郑州
南宁,珠海
南通,长沙
南通,成都
南通,重庆
南通,大连
南通,福州
南通,广州
南通,贵阳
南通,哈尔滨
南通,昆明
南通,兰州
南通,南宁
南通,青岛
南通,沈阳
南通,深圳
南通,石家庄
南通,太原
南通,天津
南通,温州
南通,武汉
南通,厦门
南通,郑州
南阳,成都
南阳,广州
南阳,杭州
南阳,兰州
南阳,南宁
南阳,上海
南阳,深圳
南阳,厦门
宁波,安庆
宁波,北京
宁波,长沙
宁波,成都
宁波,重庆
宁波,大连
宁波,广州
宁波,贵阳
宁波,哈尔滨
宁波,海口
宁波,揭阳
宁波,昆明
宁波,兰州
宁波,丽江
宁波,临沂
宁波,南昌
宁波,青岛
宁波,三亚
宁波,上海
宁波,沈阳
宁波,深圳
宁波,石家庄
宁波,天津
宁波,铜仁
宁波,潍坊
宁波,武汉
宁波,乌鲁木齐
宁波,西安
宁波,兴义
宁波,西宁
宁波,银川
宁波,郑州
攀枝花,北京
攀枝花,成都
攀枝花,重庆
攀枝花,深圳
齐齐哈尔,北京
齐齐哈尔,大连
齐齐哈尔,广州
齐齐哈尔,济南
齐齐哈尔,青岛
齐齐哈尔,上海
齐齐哈尔,深圳
齐齐哈尔,天津
青岛,包头
青岛,北京
青岛,长白山
青岛,长春
青岛,长沙
青岛,成都
青岛,重庆
青岛,大连
青岛,丹东
青岛,大庆
青岛,福州
青岛,赣州
青岛,广州
青岛,桂林
青岛,贵阳
青岛,哈尔滨
青岛,海口
青岛,海拉尔
青岛,杭州
青岛,合肥
青岛,呼和浩特
青岛,揭阳
青岛,鸡西
青岛,昆明
青岛,兰州
青岛,拉萨
青岛,牡丹江
青岛,南昌
青岛,南京
青岛,南宁
青岛,南通
青岛,宁波
青岛,齐齐哈尔
青岛,三亚
青岛,上海
青岛,沈阳
青岛,深圳
青岛,石家庄
青岛,太原
青岛,天津
青岛,铜仁
青岛,温州
青岛,武汉
青岛,乌鲁木齐
青岛,无锡
青岛,厦门
青岛,西安
青岛,西宁
青岛,延吉
青岛,宜昌
青岛,宜春
青岛,银川
青岛,郑州
青岛,珠海
青岛,遵义
衢州,深圳
衢州,厦门
三亚,包头
三亚,北京
三亚,长春
三亚,长沙
三亚,成都
三亚,重庆
三亚,大连
三亚,大庆
三亚,福州
三亚,广州
三亚,桂林
三亚,贵阳
三亚,哈尔滨
三亚,杭州
三亚,衡阳
三亚,呼和浩特
三亚,济南
三亚,鸡西
三亚,昆明
三亚,兰州
三亚,柳州
三亚,绵阳
三亚,南昌
三亚,南充
三亚,南京
三亚,南宁
三亚,宁波
三亚,青岛
三亚,上海
三亚,沈阳
三亚,深圳
三亚,石家庄
三亚,太原
三亚,台州
三亚,唐山
三亚,天津
三亚,温州
三亚,武汉
三亚,乌鲁木齐
三亚,无锡
三亚,西安
三亚,西宁
三亚,徐州
三亚,扬州
三亚,宜春
三亚,银川
三亚,义乌
三亚,运城
三亚,湛江
三亚,郑州
三亚,珠海
三亚,遵义
上海,阿克苏
上海,鞍山
上海,百色
上海,包头
上海,北海
上海,北京
上海,毕节
上海,长白山
上海,长春
上海,常德
上海,长沙
上海,长治
上海,朝阳
上海,成都
上海,赤峰
上海,池州
上海,重庆
上海,大理
上海,大连
上海,丹东
上海,大庆
上海,达州
上海,东营
上海,鄂尔多斯
上海,恩施
上海,福州
上海,赣州
上海,广元
上海,广州
上海,桂林
上海,贵阳
上海,固原
上海,哈尔滨
上海,海口
上海,海拉尔
上海,哈密
上海,汉中
上海,合肥
上海,黑河
上海,衡阳
上海,和田
上海,淮安
上海,黄山
上海,呼和浩特
上海,惠州
上海,佳木斯
上海,揭阳
上海,济南
上海,景德镇
上海,井冈山
上海,济宁
上海,锦州
上海,鸡西
上海,喀什
上海,克拉玛依
上海,库尔勒
上海,昆明
上海,兰州
上海,拉萨
上海,连城
上海,连云港
上海,丽江
上海,临沂
上海,黎平
上海,洛阳
上海,梅县
上海,绵阳
上海,牡丹江
上海,南昌
上海,南充
上海,南京
上海,南宁
上海,南阳
上海,宁波
上海,黔江
上海,青岛
上海,庆阳
上海,齐齐哈尔
上海,三亚
上海,沈阳
上海,深圳
上海,石家庄
上海,太原
上海,唐山
上海,天津
上海,通化
上海,通辽
上海,铜仁
上海,吐鲁番
上海,万州
上海,潍坊
上海,威海
上海,温州
上海,武汉
上海,乌兰浩特
上海,乌鲁木齐
上海,厦门
上海,西安
上海,襄阳
上海,西昌
上海,西宁
上海,西双版纳
上海,延安
上海,盐城
上海,延吉
上海,烟台
上海,宜宾
上海,宜昌
上海,宜春
上海,伊春
上海,银川
上海,榆林
上海,张家界
上海,张家口
上海,湛江
上海,郑州
上海,芷江
上海,中卫
上海,舟山
上海,珠海
上海,遵义
深圳,百色
深圳,北海
深圳,北京
深圳,毕节
深圳,长春
深圳,常德
深圳,常州
深圳,成都
深圳,池州
深圳,重庆
深圳,大理
深圳,大连
深圳,丹东
深圳,达州
深圳,恩施
深圳,福州
深圳,赣州
深圳,广元
深圳,贵阳
深圳,哈尔滨
深圳,海口
深圳,邯郸
深圳,杭州
深圳,汉中
深圳,合肥
深圳,黄山
深圳,呼和浩特
深圳,佳木斯
深圳,济南
深圳,景德镇
深圳,井冈山
深圳,喀什
深圳,昆明
深圳,兰州
深圳,拉萨
深圳,连云港
深圳,丽江
深圳,临沂
深圳,柳州
深圳,泸州
深圳,芒市
深圳,绵阳
深圳,牡丹江
深圳,南昌
深圳,南充
深圳,南京
深圳,南宁
深圳,南通
深圳,南阳
深圳,宁波
深圳,攀枝花
深圳,青岛
深圳,齐齐哈尔
深圳,衢州
深圳,三亚
深圳,上海
深圳,沈阳
深圳,石家庄
深圳,太原
深圳,台州
深圳,腾冲
深圳,天津
深圳,万州
深圳,潍坊
深圳,威海
深圳,温州
深圳,武汉
深圳,乌鲁木齐
深圳,无锡
深圳,厦门
深圳,西安
深圳,襄阳
深圳,西昌
深圳,兴义
深圳,西宁
深圳,徐州
深圳,盐城
深圳,扬州
深圳,烟台
深圳,宜宾
深圳,宜昌
深圳,宜春
深圳,银川
深圳,义乌
深圳,永州
深圳,榆林
深圳,运城
深圳,张家界
深圳,湛江
深圳,昭通
深圳,郑州
深圳,舟山
深圳,遵义
沈阳,包头
沈阳,北海
沈阳,北京
沈阳,长白山
沈阳,长沙
沈阳,长治
沈阳,成都
沈阳,重庆
沈阳,大同
沈阳,广州
沈阳,贵阳
沈阳,海口
沈阳,邯郸
沈阳,杭州
沈阳,合肥
沈阳,淮安
沈阳,呼和浩特
沈阳,揭阳
沈阳,济南
沈阳,济宁
沈阳,鸡西
沈阳,昆明
沈阳,兰州
沈阳,连云港
沈阳,丽江
沈阳,临沂
沈阳,洛阳
沈阳,绵阳
沈阳,南昌
沈阳,南京
沈阳,南宁
沈阳,南通
沈阳,宁波
沈阳,青岛
沈阳,三亚
沈阳,上海
沈阳,深圳
沈阳,石家庄
沈阳,潍坊
沈阳,威海
沈阳,温州
沈阳,武汉
沈阳,乌兰浩特
沈阳,乌鲁木齐
沈阳,无锡
沈阳,厦门
沈阳,西安
沈阳,扬州
沈阳,烟台
沈阳,银川
沈阳,义乌
沈阳,运城
沈阳,湛江
沈阳,郑州
沈阳,珠海
石家庄,包头
石家庄,长春
石家庄,长沙
石家庄,成都
石家庄,重庆
石家庄,大连
石家庄,福州
石家庄,广州
石家庄,桂林
石家庄,哈尔滨
石家庄,海口
石家庄,杭州
石家庄,呼和浩特
石家庄,昆明
石家庄,兰州
石家庄,拉萨
石家庄,连云港
石家庄,丽江
石家庄,绵阳
石家庄,南京
石家庄,南宁
石家庄,南通
石家庄,宁波
石家庄,青岛
石家庄,三亚
石家庄,上海
石家庄,沈阳
石家庄,深圳
石家庄,天津
石家庄,温州
石家庄,乌鲁木齐
石家庄,厦门
石家庄,徐州
石家庄,烟台
石家庄,银川
石家庄,榆林
石家庄,张家口
塔城,乌鲁木齐
太原,包头
太原,北京
太原,长春
太原,长沙
太原,长治
太原,成都
太原,重庆
太原,大连
太原,大同
太原,恩施
太原,福州
太原,广州
太原,桂林
太原,贵阳
太原,哈尔滨
太原,海口
太原,杭州
太原,合肥
太原,呼和浩特
太原,济南
太原,昆明
太原,南昌
太原,南京
太原,南宁
太原,南通
太原,青岛
太原,三亚
太原,上海
太原,深圳
太原,天津
太原,温州
太原,武汉
太原,乌鲁木齐
太原,无锡
太原,厦门
太原,西宁
太原,盐城
太原,银川
太原,榆林
太原,遵义
台州,北京
台州,长沙
台州,成都
台州,重庆
台州,广州
台州,哈尔滨
台州,昆明
台州,三亚
台州,深圳
台州,武汉
天津,阿拉善左旗
天津,百色
天津,包头
天津,北海
天津,长白山
天津,长春
天津,长沙
天津,长治
天津,朝阳
天津,成都
天津,赤峰
天津,重庆
天津,大连
天津,鄂尔多斯
天津,阜阳
天津,福州
天津,广州
天津,桂林
天津,贵阳
天津,哈尔滨
天津,海口
天津,海拉尔
天津,杭州
天津,淮安
天津,呼和浩特
天津,揭阳
天津,锦州
天津,凯里
天津,昆明
天津,兰州
天津,荔波
天津,丽江
天津,吕梁
天津,满洲里
天津,梅县
天津,南昌
天津,南充
天津,南宁
天津,南通
天津,南阳
天津,宁波
天津,青岛
天津,齐齐哈尔
天津,三亚
天津,上海
天津,深圳
天津,石家庄
天津,太原
天津,通化
天津,通辽
天津,铜仁
天津,万州
天津,温州
天津,武汉
天津,乌兰浩特
天津,乌鲁木齐
天津,厦门
天津,西安
天津,盐城
天津,烟台
天津,榆林
天津,运城
天津,郑州
天津,舟山
天津,珠海
天津,遵义
通辽,北京
通辽,哈尔滨
通辽,海拉尔
通辽,杭州
通辽,呼和浩特
通辽,满洲里
通辽,上海
通辽,天津
通辽,乌兰浩特
铜仁,北京
铜仁,长沙
铜仁,成都
铜仁,福州
铜仁,广州
铜仁,贵阳
铜仁,杭州
铜仁,昆明
铜仁,南京
铜仁,宁波
铜仁,青岛
铜仁,天津
铜仁,无锡
天水,西安
万州,广州
万州,贵阳
万州,南京
万州,上海
万州,深圳
万州,天津
威海,北京
威海,长春
威海,广州
威海,哈尔滨
威海,杭州
威海,济南
威海,南京
威海,上海
威海,沈阳
威海,深圳
威海,武汉
威海,郑州
潍坊,北京
潍坊,大连
潍坊,广州
潍坊,合肥
潍坊,宁波
潍坊,上海
潍坊,沈阳
潍坊,深圳
温州,北京
温州,长春
温州,长沙
温州,成都
温州,重庆
温州,大连
温州,阜阳
温州,广州
温州,贵阳
温州,哈尔滨
温州,海口
温州,昆明
温州,兰州
温州,丽江
温州,临沂
温州,南宁
温州,南通
温州,青岛
温州,三亚
温州,上海
温州,沈阳
温州,深圳
温州,石家庄
温州,太原
温州,天津
温州,武汉
温州,西安
温州,西宁
温州,银川
温州,郑州
温州,遵义
乌海,北京
乌海,成都
乌海,广州
乌海,呼和浩特
乌海,西安
乌兰浩特,阿尔山
乌兰浩特,北京
乌兰浩特,重庆
乌兰浩特,鄂尔多斯
乌兰浩特,呼和浩特
乌兰浩特,上海
乌兰浩特,沈阳
乌兰浩特,天津
乌兰浩特,通辽
乌鲁木齐,阿克苏
乌鲁木齐,阿勒泰
乌鲁木齐,阿里
乌鲁木齐,包头
乌鲁木齐,北京
乌鲁木齐,长沙
乌鲁木齐,成都
乌鲁木齐,重庆
乌鲁木齐,敦煌
乌鲁木齐,鄂尔多斯
乌鲁木齐,富蕴
乌鲁木齐,福州
乌鲁木齐,广州
乌鲁木齐,贵阳
乌鲁木齐,哈尔滨
乌鲁木齐,海口
乌鲁木齐,哈密
乌鲁木齐,杭州
乌鲁木齐,和田
乌鲁木齐,呼和浩特
乌鲁木齐,济南
乌鲁木齐,喀什
乌鲁木齐,克拉玛依
乌鲁木齐,库车
乌鲁木齐,库尔勒
乌鲁木齐,昆明
乌鲁木齐,兰州
乌鲁木齐,连云港
乌鲁木齐,绵阳
乌鲁木齐,那拉提
乌鲁木齐,南京
乌鲁木齐,南宁
乌鲁木齐,宁波
乌鲁木齐,青岛
乌鲁木齐,三亚
乌鲁木齐,上海
乌鲁木齐,沈阳
乌鲁木齐,深圳
乌鲁木齐,石家庄
乌鲁木齐,塔城
乌鲁木齐,太原
乌鲁木齐,天津
乌鲁木齐,吐鲁番
乌鲁木齐,温州
乌鲁木齐,无锡
乌鲁木齐,厦门
乌鲁木齐,西安
乌鲁木齐,西宁
乌鲁木齐,银川
乌鲁木齐,伊宁
乌鲁木齐,义乌
乌鲁木齐,运城
乌鲁木齐,张掖
乌鲁木齐,郑州
乌鲁木齐,中卫
无锡,北京
无锡,长春
无锡,成都
无锡,重庆
无锡,大连
无锡,广州
无锡,贵阳
无锡,哈尔滨
无锡,昆明
无锡,兰州
无锡,青岛
无锡,三亚
无锡,沈阳
无锡,深圳
无锡,太原
无锡,铜仁
无锡,乌鲁木齐
无锡,厦门
无锡,西安
无锡,银川
武汉,包头
武汉,北海
武汉,北京
武汉,毕节
武汉,长春
武汉,成都
武汉,重庆
武汉,大连
武汉,大同
武汉,恩施
武汉,福州
武汉,广州
武汉,贵阳
武汉,哈尔滨
武汉,海口
武汉,杭州
武汉,黄山
武汉,呼和浩特
武汉,揭阳
武汉,济南
武汉,昆明
武汉,兰州
武汉,连城
武汉,荔波
武汉,丽江
武汉,南宁
武汉,南通
武汉,宁波
武汉,青岛
武汉,三亚
武汉,上海
武汉,沈阳
武汉,深圳
武汉,太原
武汉,台州
武汉,天津
武汉,温州
武汉,乌鲁木齐
武汉,厦门
武汉,西安
武汉,襄阳
武汉,兴义
武汉,西宁
武汉,西双版纳
武汉,烟台
武汉,银川
武汉,义乌
武汉,运城
武汉,张家界
武汉,珠海
武汉,遵义
武夷山,厦门
武夷山,西安
梧州,重庆
梧州,桂林
西安,阿拉善左旗
西安,安庆
西安,安顺
西安,巴彦淖尔
西安,北海
西安,北京
西安,毕节
西安,长春
西安,长沙
西安,常州
西安,成都
西安,池州
西安,重庆
西安,大理
西安,大连
西安,大庆
西安,大同
西安,敦煌
西安,鄂尔多斯
西安,额济纳旗
西安,恩施
西安,阜阳
西安,福州
西安,格尔木
西安,广州
西安,桂林
西安,贵阳
西安,固原
西安,哈尔滨
西安,海口
西安,杭州
西安,汉中
西安,合肥
西安,衡阳
西安,淮安
西安,呼和浩特
西安,惠州
西安,揭阳
西安,济南
西安,金昌
西安,景德镇
西安,井冈山
西安,喀什
西安,库尔勒
西安,昆明
西安,兰州
西安,拉萨
西安,丽江
西安,泸州
西安,吕梁
西安,南昌
西安,南充
西安,南京
西安,南宁
西安,宁波
西安,青岛
西安,庆阳
西安,三亚
西安,上海
西安,沈阳
西安,深圳
西安,石家庄
西安,唐山
西安,腾冲
西安,天津
西安,天水
西安,温州
西安,乌海
西安,武汉
西安,乌鲁木齐
西安,无锡
西安,武夷山
西安,厦门
西安,襄阳
西安,西昌
西安,西宁
西安,延安
西安,盐城
西安,扬州
西安,烟台
西安,宜昌
西安,宜春
西安,银川
西安,伊宁
西安,榆林
西安,玉树
西安,张家界
西安,张掖
西安,湛江
西安,中卫
西安,珠海
西安,遵义
西昌,北京
西昌,成都
西昌,重庆
西昌,杭州
西昌,济南
西昌,上海
西昌,深圳
西昌,厦门
西昌,西安
西宁,北京
西宁,长沙
西宁,成都
西宁,重庆
西宁,格尔木
西宁,广州
西宁,桂林
西宁,哈尔滨
西宁,海口
西宁,杭州
西宁,济南
西宁,拉萨
西宁,绵阳
西宁,南京
西宁,宁波
西宁,青岛
西宁,三亚
西宁,上海
西宁,深圳
西宁,太原
西宁,温州
西宁,武汉
西宁,乌鲁木齐
西宁,厦门
西宁,西安
西宁,银川
西宁,玉树
西宁,郑州
西双版纳,安顺
西双版纳,毕节
西双版纳,长沙
西双版纳,成都
西双版纳,重庆
西双版纳,大理
西双版纳,桂林
西双版纳,贵阳
西双版纳,杭州
西双版纳,昆明
西双版纳,丽江
西双版纳,南京
西双版纳,上海
西双版纳,天津
西双版纳,武汉
西双版纳,郑州
锡林浩特,北京
锡林浩特,大连
锡林浩特,呼和浩特
厦门,安庆
厦门,北京
厦门,长春
厦门,长沙
厦门,长治
厦门,常州
厦门,成都
厦门,重庆
厦门,大连
厦门,大同
厦门,广州
厦门,桂林
厦门,贵阳
厦门,哈尔滨
厦门,海口
厦门,邯郸
厦门,杭州
厦门,合肥
厦门,淮安
厦门,呼和浩特
厦门,济南
厦门,景德镇
厦门,井冈山
厦门,昆明
厦门,兰州
厦门,临沂
厦门,柳州
厦门,泸州
厦门,南昌
厦门,南宁
厦门,南通
厦门,南阳
厦门,青岛
厦门,衢州
厦门,三亚
厦门,上海
厦门,沈阳
厦门,深圳
厦门,石家庄
厦门,太原
厦门,天津
厦门,武汉
厦门,乌鲁木齐
厦门,无锡
厦门,武夷山
厦门,西安
厦门,襄阳
厦门,西昌
厦门,西宁
厦门,徐州
厦门,扬州
厦门,银川
厦门,张家口
厦门,湛江
厦门,郑州
厦门,舟山
厦门,珠海
厦门,遵义
香格里拉,昆明
香格里拉,上海
徐州,长沙
徐州,重庆
徐州,福州
徐州,广州
徐州,桂林
徐州,贵阳
徐州,哈尔滨
徐州,海口
徐州,昆明
徐州,连云港
徐州,丽江
徐州,三亚
徐州,深圳
徐州,石家庄
徐州,厦门
兴义,长沙
兴义,成都
兴义,重庆
兴义,福州
兴义,广州
兴义,贵阳
兴义,海口
兴义,杭州
兴义,丽江
兴义,宁波
兴义,上海
兴义,深圳
兴义,武汉
烟台,北京
烟台,长春
烟台,成都
烟台,重庆
烟台,大连
烟台,大庆
烟台,广州
烟台,桂林
烟台,贵阳
烟台,哈尔滨
烟台,杭州
烟台,济南
烟台,昆明
烟台,临沂
烟台,牡丹江
烟台,南昌
烟台,南京
烟台,南宁
烟台,上海
烟台,沈阳
烟台,深圳
烟台,石家庄
烟台,武汉
烟台,西安
烟台,盐城
烟台,延吉
烟台,郑州
延安,北京
延安,重庆
延安,广州
延安,上海
延安,西安
延吉,北京
延吉,长白山
延吉,长春
延吉,重庆
延吉,大连
延吉,广州
延吉,上海
延吉,烟台
延吉,郑州
盐城,北京
盐城,长沙
盐城,成都
盐城,广州
盐城,贵阳
盐城,杭州
盐城,昆明
盐城,南京
盐城,上海
盐城,深圳
盐城,太原
盐城,天津
盐城,西安
盐城,烟台
伊宁,成都
伊宁,南京
伊宁,乌鲁木齐
伊宁,西安
宜宾,北京
宜宾,广州
宜宾,杭州
宜宾,拉萨
宜宾,上海
宜宾,深圳
宜昌,北京
宜昌,常州
宜昌,成都
宜昌,福州
宜昌,广州
宜昌,贵阳
宜昌,海口
宜昌,杭州
宜昌,昆明
宜昌,兰州
宜昌,宁波
宜昌,上海
宜昌,深圳
宜昌,西安
义乌,北京
义乌,成都
义乌,重庆
义乌,广州
义乌,揭阳
义乌,三亚
义乌,沈阳
义乌,深圳
义乌,珠海
银川,北京
银川,长沙
银川,常州
银川,成都
银川,重庆
银川,大连
银川,广州
银川,哈尔滨
银川,杭州
银川,呼和浩特
银川,济南
银川,昆明
银川,南昌
银川,南京
银川,宁波
银川,青岛
银川,庆阳
银川,三亚
银川,上海
银川,沈阳
银川,深圳
银川,石家庄
银川,太原
银川,天津
银川,温州
银川,武汉
银川,乌鲁木齐
银川,无锡
银川,夏河
银川,厦门
银川,西安
银川,西宁
银川,张家界
银川,郑州
永州,海口
永州,昆明
永州,深圳
榆林,北京
榆林,长沙
榆林,成都
榆林,广州
榆林,贵阳
榆林,济南
榆林,南宁
榆林,石家庄
榆林,太原
榆林,天津
榆林,西安
榆林,郑州
运城,北京
运城,成都
运城,重庆
运城,福州
运城,广州
运城,哈尔滨
运城,杭州
运城,昆明
运城,三亚
运城,沈阳
运城,深圳
运城,天津
运城,武汉
运城,乌鲁木齐
伊春,北京
伊春,大连
伊春,哈尔滨
伊春,上海
玉树,成都
玉树,拉萨
湛江,成都
湛江,广州
湛江,贵阳
湛江,海口
湛江,杭州
湛江,揭阳
湛江,南昌
湛江,南宁
湛江,三亚
湛江,上海
湛江,沈阳
湛江,深圳
湛江,厦门
湛江,西安
湛江,郑州
张家界,北京
张家界,长沙
张家界,成都
张家界,广州
张家界,桂林
张家界,杭州
张家界,衡阳
张家界,昆明
张家界,兰州
张家界,上海
张家界,深圳
张家界,武汉
张家界,西安
张家界,银川
昭通,北京
昭通,成都
昭通,贵阳
昭通,昆明
昭通,深圳
郑州,包头
郑州,北海
郑州,北京
郑州,长春
郑州,成都
郑州,重庆
郑州,大连
郑州,东营
郑州,鄂尔多斯
郑州,福州
郑州,广州
郑州,桂林
郑州,贵阳
郑州,哈尔滨
郑州,海口
郑州,哈密
郑州,杭州
郑州,合肥
郑州,黄山
郑州,呼和浩特
郑州,揭阳
郑州,凯里
郑州,喀什
郑州,克拉玛依
郑州,昆明
郑州,兰州
郑州,拉萨
郑州,丽江
郑州,泸州
郑州,梅县
郑州,绵阳
郑州,南昌
郑州,南宁
郑州,南通
郑州,宁波
郑州,青岛
郑州,三亚
郑州,上海
郑州,沈阳
郑州,深圳
郑州,天津
郑州,威海
郑州,温州
郑州,乌鲁木齐
郑州,厦门
郑州,襄阳(中国)
郑州,西宁
郑州,西双版纳
郑州,烟台
郑州,银川
郑州,义乌
郑州,榆林
郑州,湛江
郑州,舟山
郑州,珠海
郑州,遵义
舟山,福州
舟山,广州
舟山,合肥
舟山,揭阳
舟山,连云港
舟山,上海
舟山,深圳
舟山,天津
舟山,郑州
珠海,北京
珠海,长沙
珠海,成都
珠海,重庆
珠海,大连
珠海,福州
珠海,贵阳
珠海,海口
珠海,合肥
珠海,济南
珠海,昆明
珠海,柳州
珠海,梅县
珠海,南昌
珠海,南京
珠海,南宁
珠海,青岛
珠海,三亚
珠海,上海
珠海,沈阳
珠海,天津
珠海,武汉
珠海,厦门
珠海,西安
珠海,义乌
珠海,郑州
珠海,遵义
芷江,昆明
芷江,上海
芷江,西安
